Mouser Part Number,Manufacturer Part Number,Manufacturer,Quantity,Required for two boards,Spare Quantity,Workshop Quantity,PCB references / purpose,Description,Unit Price NOK,Line Total NOK,Supplier lifecycle flag,Availability observed in Chrome
576-0451001.MRL,0451001.MRL,Littelfuse,4,2,2,0,RevG-F1,Surface Mount Fuses 125VAC 1A .078ohms 451 NANO2,17.30,69.20,Not stated,All requested units Dispatches Now (2026-09-14)
621-B1100-F,B1100-13-F,Diodes Incorporated,2,2,0,0,RevG-D1,Schottky Diodes & Rectifiers 100V 1A,6.72,13.44,Not stated,All requested units Dispatches Now (2026-09-14)
81-GRM32ER72A225KA35,GRM32ER72A225KA35L,Murata,4,2,2,0,RevG-C1,Multilayer Ceramic Capacitors MLCC - SMD/SMT 2.2 uF 100 VDC 10% 1210 X7R,16.07,64.28,End of Life,All requested units Dispatches Now (2026-09-14)
80-C1206C224K1R,C1206C224K1RACTU,KEMET,6,4,2,0,"RevG-C2,C16",Multilayer Ceramic Capacitors MLCC - SMD/SMT 100V 0.22uF X7R 1206 10%,3.94,23.64,Not stated,All requested units Dispatches Now (2026-09-14)
80-C1206C105K3R,C1206C105K3RACTU,KEMET,6,4,2,0,"RevG-C3,C8",Multilayer Ceramic Capacitors MLCC - SMD/SMT 25V 1uF X7R 1206 10%,2.69,16.14,Not stated,All requested units Dispatches Now (2026-09-14)
80-C1206C104K5R,C1206C104K5RACTU,KEMET,20,16,4,0,"RevG-C4,C10,C11,C12,C13,C14,C17,C20",Multilayer Ceramic Capacitors MLCC - SMD/SMT 50V 0.1uF X7R 1206 10%,0.513,10.26,Not stated,All requested units Dispatches Now (2026-09-14)
603-RC1206FR-07100KL,RC1206FR-07100KL,YAGEO,6,4,2,0,"RevG-R1,R26","Thick Film Resistors - SMD General Purpose Chip Resistor 1206, 100kOhms, 1%, 1/4W",0.96,5.76,Not stated,All requested units Dispatches Now (2026-09-14)
603-RC1206FR-0743K2L,RC1206FR-0743K2L,YAGEO,4,2,2,0,RevG-R2,"Thick Film Resistors - SMD General Purpose Chip Resistor 1206, 43.2kOhms, 1%, 1/4W",0.96,3.84,Not stated,All requested units Dispatches Now (2026-09-14)
603-RC1206FR-0710KL,RC1206FR-0710KL,YAGEO,20,12,8,0,"RevG-R3,R4,R5,R6,R10,R20","Thick Film Resistors - SMD General Purpose Chip Resistor 1206, 10kOhms, 1%, 1/4W",0.246,4.92,Not stated,All requested units Dispatches Now (2026-09-14)
80-C1206C106K4R,C1206C106K4RACTU,KEMET,8,6,2,0,"RevG-C9,C18,C19",Multilayer Ceramic Capacitors MLCC - SMD/SMT 16V 10uF X7R 1206 10%,4.03,32.24,Not stated,All requested units Dispatches Now (2026-09-14)
603-RC1206FR-071ML,RC1206FR-071ML,YAGEO,4,2,2,0,RevG-R7,"Thick Film Resistors - SMD General Purpose Chip Resistor 1206, 1MOhms, 1%, 1/4W",0.96,3.84,Not stated,All requested units Dispatches Now (2026-09-14)
603-RC1206FR-0747KL,RC1206FR-0747KL,YAGEO,4,2,2,0,RevG-R8,"Thick Film Resistors - SMD General Purpose Chip Resistor 1206, 47kOhms, 1%, 1/4W",0.96,3.84,Not stated,All requested units Dispatches Now (2026-09-14)
603-RC1206FR-071KL,RC1206FR-071KL,YAGEO,10,6,4,0,"RevG-R9,R18,R19","Thick Film Resistors - SMD General Purpose Chip Resistor 1206, 1kOhms, 1%, 1/4W",0.246,2.46,Not stated,All requested units Dispatches Now (2026-09-14)
859-LTST-C150KGKT,LTST-C150KGKT,LITEON,2,2,0,0,RevG-D6,Single Colour LEDs Green Clear 571nm,1.82,3.64,Not stated,All requested units Dispatches Now (2026-09-14)
771-PESD2CAN-T/R,"PESD2CAN,215",Nexperia,3,2,1,0,RevG-D4,ESD Protection Diodes / TVS Diodes PESD2CAN/SOT23/TO-236AB,5.95,17.85,NRND,All requested units Dispatches Now (2026-09-14)
855-M20-9990346,M20-9990346,Harwin,2,2,0,0,RevG-J3,Headers & Wire Housings M20 03 SIL VERTICAL PIN HEADER TIN,1.25,2.50,Not stated,All requested units Dispatches Now (2026-09-14)
636-182-009-113R561,182-009-113R561,NorComp,2,2,0,0,RevG-J1,"D-Sub Standard Connectors Male .318"" Footprint D-Sub 9 Position Right Angle PCB Dip Solder",27.68,55.36,Not stated,All requested units Dispatches Now (2026-09-14)
595-TCAN3404DRQ1,TCAN3404DRQ1,Texas Instruments,3,2,1,0,RevG-U3,CAN Interface IC Automotive 3.3V CAN flexible-data-rate (,17.52,52.56,Not stated,All requested units Dispatches Now (2026-09-14)
80-C1210C226K3R7210,C1210C226K3RAC7210,KEMET,8,6,2,0,"RevG-C5,C6,C7",Multilayer Ceramic Capacitors MLCC - SMD/SMT 25 Vo 22 uF 1210 X7R 10 %,14.28,114.24,Not stated,All requested units Dispatches Now (2026-09-14)
576-SMBJ24CA,SMBJ24CA,Littelfuse,2,2,0,0,RevG-D3,ESD Protection Diodes / TVS Diodes 600W 24V 5% Bi-Directional,5.47,10.94,Not stated,All requested units Dispatches Now (2026-09-14)
603-RT1206BRD07680KL,RT1206BRD07680KL,YAGEO,4,2,2,0,RevG-R22,Thin Film Resistors - SMD 1/4W 680K ohm .1% 25ppm,2.02,8.08,Not stated,All requested units Dispatches Now (2026-09-14)
603-RT1206BRD0747KL,RT1206BRD0747KL,YAGEO,4,2,2,0,RevG-R23,Thin Film Resistors - SMD 1/4W 47K ohm .1% 25ppm,2.02,8.08,Not stated,All requested units Dispatches Now (2026-09-14)
667-EEU-FR1J470H,EEU-FR1J470H,Panasonic,4,2,2,0,RevG-C15,Aluminium Electrolytic Capacitors - Radial Leaded 63VDC47uF6.3x11.2mm LS 2.5mmTaped Leads,4.70,18.80,Not stated,All requested units Dispatches Now (2026-09-14)
71-CRCW25121R00FKEGH,CRCW25121R00FKEGHP,Vishay,4,2,2,0,RevG-R21,Thick Film Resistors - SMD 2.0W 1ohms 1% High Power AEC-Q200,9.22,36.88,Not stated,All requested units Dispatches Now (2026-09-14)
603-RC1206FR-0710ML,RC1206FR-0710ML,YAGEO,4,2,2,0,RevG-R24,"Thick Film Resistors - SMD General Purpose Chip Resistor 1206, 10MOhms, 1%, 1/4W",0.96,3.84,Not stated,All requested units Dispatches Now (2026-09-14)
603-RC1206FR-07470KL,RC1206FR-07470KL,YAGEO,4,2,2,0,RevG-R25,"Thick Film Resistors - SMD General Purpose Chip Resistor 1206, 470kOhms, 1%, 1/4W",0.96,3.84,Not stated,All requested units Dispatches Now (2026-09-14)
611-PTS645SL432,PTS645SL43-2 LFS,C&K Switches,4,4,0,0,"RevG-SW1,SW2",Tactile Switches PTS645SL43-2 LFS,2.59,10.36,Not stated,All requested units Dispatches Now (2026-09-14)
538-146153-0300,146153-0300,Molex,2,2,0,0,RevG3-ANT1,Antennas 2.4/5G dual band Flex*300mm assy,35.38,70.76,Not stated,All requested units Dispatches Now (2026-09-14)
895-TTL-232R-RPI,TTL-232R-RPI,FTDI,1,0,0,1,3.3 V USB-to-UART programming cable; USB-A; three individual female connectors,USB Cables / IEEE 1394 Cables Raspberry Pi USB to TTL Serial UART Cbl,214.05,214.05,Not stated,All requested units Dispatches Now (2026-09-14)
910-CQ4LF,CQ4LF,Chip Quik,1,0,0,1,10 ml no-clean flux pen,Soldering Flux Liquid Flux No-Clean in 10ml Pen w/tip,76.33,76.33,Not stated,All requested units Dispatches Now (2026-09-14)
910-CQ-ESD-12,CQ-ESD-12,Chip Quik,1,0,0,1,Fine straight ESD tweezers,Pliers & Tweezers ESD Tweezers CQ-ESD-12 for Precision Electronic Assembly,48.21,48.21,New Product,All requested units Dispatches Now (2026-09-14)
5878-80-2-5,80-2-5,Chemtronics,1,0,0,1,1.5 mm desoldering braid,"Desoldering Braid / Solder Removal .06"" YELLOW",69.19,69.19,Not stated,All requested units Dispatches Now (2026-09-14)
910-SMDSWLF.0201OZ,SMDSWLF.020 1oz,Chip Quik,1,0,0,1,0.5 mm SAC305 lead-free solder wire; 1 oz reel; 2.2% flux core,Solder Solder Wire 96.5Sn/ 3Ag/.5Cu .020 1oz.,110.15,110.15,Not stated,All requested units Dispatches Now (2026-09-14)
485-1950,1950,Adafruit,1,0,0,1,Pack of 20 female/female 150 mm jumper wires,Adafruit Accessories Premium Female/Female Jumper Wires - 20 x 6 (150mm),18.75,18.75,Not stated,All requested units Dispatches Now (2026-09-14)
424-240-137,240-137,Digilent,1,0,0,1,Pack of five mini-grabber clips with attached leads,Test Leads Mini Grabbers with Leads Product Kit,109.81,109.81,Not stated,All requested units Dispatches Now (2026-09-14)
